,path,query,alt,src
0,/Users/matthewhayes/Documents/CS236 Deep Generative Models/Project/Google-Image-Scraper/photos2/four fingers/fourfingers0.jpeg,four fingers,104 Hand Holding Up Four Fingers Stock Photos - Free & Royalty-Free Stock  Photos from Dreamstime,https://thumbs.dreamstime.com/b/male-hand-holding-up-four-fingers-white-background-room-copy-space-male-hand-holding-up-four-fingers-white-background-143489196.jpg
1,/Users/matthewhayes/Documents/CS236 Deep Generative Models/Project/Google-Image-Scraper/photos2/four fingers/fourfingers1.png,four fingers,"Four Finger Hand PNG Image - PurePNG | Free transparent CC0 PNG Image  Library | Finger hands, Finger image, Finger",https://i.pinimg.com/originals/a6/a3/a2/a6a3a2c4e98392dca3f5c025d76e1f20.png
2,/Users/matthewhayes/Documents/CS236 Deep Generative Models/Project/Google-Image-Scraper/photos2/palms out/palmsout0.jpeg,palms out,How to use Hands and Palms to Communicate Better | by Kunal Yadav | Medium,https://miro.medium.com/v2/resize:fit:1400/1*_o5yPMOaA_oPc_I-q2cWmA.jpeg
3,/Users/matthewhayes/Documents/CS236 Deep Generative Models/Project/Google-Image-Scraper/photos2/four fingers/fourfingers2.jpeg,four fingers,"Four Fingers"" Images – Browse 2,373 Stock Photos, Vectors, and Video |  Adobe Stock",https://t3.ftcdn.net/jpg/03/82/56/52/360_F_382565228_PuXd0Avrqo6A8eYWgyXXz6nuNC0gxM7C.jpg
4,/Users/matthewhayes/Documents/CS236 Deep Generative Models/Project/Google-Image-Scraper/photos2/four fingers/fourfingers3.jpeg,four fingers,Four fingers up hi-res stock photography and images - Alamy,https://c8.alamy.com/comp/PRA19N/boy-raising-four-fingers-up-on-hand-on-white-background-PRA19N.jpg
5,/Users/matthewhayes/Documents/CS236 Deep Generative Models/Project/Google-Image-Scraper/photos2/four fingers/fourfingers4.jpeg,four fingers,"Four Fingers Stock Illustrations – 1,617 Four Fingers Stock Illustrations,  Vectors & Clipart - Dreamstime",https://thumbs.dreamstime.com/b/human-cartoon-hand-showing-four-fingers-number-87864701.jpg
6,/Users/matthewhayes/Documents/CS236 Deep Generative Models/Project/Google-Image-Scraper/photos2/palms out/palmsout1.jpeg,palms out,The Blessing of Open Hands — GirlFriendCircles | Shasta Nelson,https://static1.squarespace.com/static/57604caed210b88aaca855c6/5966682f5a655b211221795b/59666aa45a655b211221def0/1499884196301/P1010322.jpg?format=original
7,/Users/matthewhayes/Documents/CS236 Deep Generative Models/Project/Google-Image-Scraper/photos2/two fingers/twofingers0.jpeg,two fingers,"Human Cartoon Hand Showing Two Fingers Stock Vector - Illustration of hand,  cartoon: 87864801",https://thumbs.dreamstime.com/z/human-cartoon-hand-showing-two-fingers-peace-symbol-87864801.jpg
8,/Users/matthewhayes/Documents/CS236 Deep Generative Models/Project/Google-Image-Scraper/photos2/four fingers/fourfingers5.jpeg,four fingers,Four fingers up hand gesture icon image Royalty Free Vector,https://cdn1.vectorstock.com/i/1000x1000/64/55/four-fingers-up-hand-gesture-icon-image-vector-19526455.jpg
9,/Users/matthewhayes/Documents/CS236 Deep Generative Models/Project/Google-Image-Scraper/photos2/fist/fist0.jpeg,fist,Fist Svg Clenched Fist Svg Raised Fist Svg Vector Cut File - Etsy,https://i.etsystatic.com/22467704/r/il/1d29b1/2657274262/il_1080xN.2657274262_a743.jpg
10,/Users/matthewhayes/Documents/CS236 Deep Generative Models/Project/Google-Image-Scraper/photos2/palms out/palmsout2.jpeg,palms out,"Hands. Two hands with palms up #Sponsored , #Paid, #Ad, #hands, #palms,  #Hands | Stock photography free, Stock photos, Stock images free",https://i.pinimg.com/736x/3d/7f/59/3d7f59790bc36955ca62267e78df69a4.jpg
11,/Users/matthewhayes/Documents/CS236 Deep Generative Models/Project/Google-Image-Scraper/photos2/four fingers/fourfingers6.jpeg,four fingers,"4 Fingers Images – Browse 164,098 Stock Photos, Vectors, and Video | Adobe  Stock",https://t3.ftcdn.net/jpg/01/38/28/20/360_F_138282062_YNQjdrpasQshavElKtLcsdVn0ToR8ERW.jpg
12,/Users/matthewhayes/Documents/CS236 Deep Generative Models/Project/Google-Image-Scraper/photos2/fist/fist1.jpeg,fist,fist front side of man hand isolated on white background. punching  something. Stock Photo | Adobe Stock,https://as2.ftcdn.net/v2/jpg/05/10/74/73/1000_F_510747386_bfyQTowfiPdeNy254lhVUjMAooyiEo14.jpg
13,/Users/matthewhayes/Documents/CS236 Deep Generative Models/Project/Google-Image-Scraper/photos2/four fingers/fourfingers7.jpeg,four fingers,"Hand Sign Of Number Four Stock Photo - Download Image Now - Four Fingers,  Pointing, Showing - iStock",https://media.istockphoto.com/id/507716828/photo/hand-sign-of-number-four.jpg?s=612x612&w=0&k=20&c=r02a4tROCeqkL4MNWdvqewpyw20P0XEMKzib0jlqF38=
14,/Users/matthewhayes/Documents/CS236 Deep Generative Models/Project/Google-Image-Scraper/photos2/four fingers/fourfingers8.jpeg,four fingers,"A female hand holding four fingers up, with the fingers spread wide apart.  With clipping path Stock Photo - Alamy",https://c8.alamy.com/comp/WX4R4R/a-female-hand-holding-four-fingers-up-with-the-fingers-spread-wide-apart-with-clipping-path-WX4R4R.jpg
15,/Users/matthewhayes/Documents/CS236 Deep Generative Models/Project/Google-Image-Scraper/photos2/fist/fist2.jpeg,fist,"Fist Icon Stock Illustrations – 46,201 Fist Icon Stock Illustrations,  Vectors & Clipart - Dreamstime",https://thumbs.dreamstime.com/b/fist-icon-vector-illustration-55195634.jpg
16,/Users/matthewhayes/Documents/CS236 Deep Generative Models/Project/Google-Image-Scraper/photos2/palms out/palmsout3.jpeg,palms out,How to use Hands and Palms to Communicate Better | by Kunal Yadav | Medium,https://miro.medium.com/v2/resize:fit:4800/1*gFnAfGnnHw6DW4j_h6cNCA.jpeg
17,/Users/matthewhayes/Documents/CS236 Deep Generative Models/Project/Google-Image-Scraper/photos2/two fingers/twofingers1.jpeg,two fingers,"Hand With Two Fingers Victory Peace And Love Sign Vector Illustration  Design Royalty Free SVG, Cliparts, Vectors, and Stock Illustration. Image  93453506.",https://previews.123rf.com/images/yupiramos/yupiramos1801/yupiramos180107818/93453506-hand-with-two-fingers-victory-peace-and-love-sign-vector-illustration-design.jpg
18,/Users/matthewhayes/Documents/CS236 Deep Generative Models/Project/Google-Image-Scraper/photos2/fist/fist3.jpeg,fist,"Fist Images – Browse 551,261 Stock Photos, Vectors, and Video | Adobe Stock",https://t4.ftcdn.net/jpg/02/84/08/69/360_F_284086907_taiUJZGHNFnJo0WyQRUZcW3bhKx8nsfX.jpg
19,/Users/matthewhayes/Documents/CS236 Deep Generative Models/Project/Google-Image-Scraper/photos2/palms out/palmsout4.jpeg,palms out,Two Hands Open Palms Image & Photo (Free Trial) | Bigstock,https://static1.bigstockphoto.com/4/0/4/large1500/404710916.jpg
20,/Users/matthewhayes/Documents/CS236 Deep Generative Models/Project/Google-Image-Scraper/photos2/two fingers/twofingers2.jpeg,two fingers,Hand with two fingers up Royalty Free Vector Image,https://cdn5.vectorstock.com/i/1000x1000/20/99/hand-with-two-fingers-up-vector-21162099.jpg
21,/Users/matthewhayes/Documents/CS236 Deep Generative Models/Project/Google-Image-Scraper/photos2/fist/fist4.jpeg,fist,"A clenched fist. Against a white background for easy extraction , #AFF,  #white, #fist, #clenched, #extr… | Hand reference, Hand drawing reference,  How to draw hands",https://i.pinimg.com/736x/99/48/11/99481165b3db03fc18e134803ad281bb.jpg
22,/Users/matthewhayes/Documents/CS236 Deep Generative Models/Project/Google-Image-Scraper/photos2/four fingers/fourfingers9.jpeg,four fingers,Four Fingers Stock Vector by ©AvelKrieg 35885973,https://st.depositphotos.com/2222964/3588/v/950/depositphotos_35885973-stock-illustration-four-fingers.jpg
23,/Users/matthewhayes/Documents/CS236 Deep Generative Models/Project/Google-Image-Scraper/photos2/palms out/palmsout5.jpeg,palms out,"Two hands with palms up, isolated on black background | Stock image |  Colourbox",https://d2gg9evh47fn9z.cloudfront.net/800px_COLOURBOX3659381.jpg
24,/Users/matthewhayes/Documents/CS236 Deep Generative Models/Project/Google-Image-Scraper/photos2/two fingers/twofingers3.jpeg,two fingers,"2 Fingers Images – Browse 330,870 Stock Photos, Vectors, and Video | Adobe  Stock",https://t4.ftcdn.net/jpg/01/38/28/19/360_F_138281987_ycmBtfTo9Ie4Ew23ON8fXJql879YQhjF.jpg
25,/Users/matthewhayes/Documents/CS236 Deep Generative Models/Project/Google-Image-Scraper/photos2/fist/fist5.jpeg,fist,"613,200 Fist Images, Stock Photos, 3D objects, & Vectors | Shutterstock",https://www.shutterstock.com/image-photo/holding-fists-air-isolated-on-600w-2237604181.jpg
26,/Users/matthewhayes/Documents/CS236 Deep Generative Models/Project/Google-Image-Scraper/photos2/two fingers/twofingers4.jpeg,two fingers,"Peace Sign Stock Illustration - Download Image Now - Two Fingers, Vector,  2015 - iStock",https://media.istockphoto.com/id/469390342/vector/peace-sign.jpg?s=612x612&w=0&k=20&c=EFkcpL6iTsfVqlCl6k3EqxZP3McZW27W3rhBLFyqWpI=
27,/Users/matthewhayes/Documents/CS236 Deep Generative Models/Project/Google-Image-Scraper/photos2/fist/fist6.jpeg,fist,"Raised Fist Vector Icon Human Hand Up In The Air Stock Illustration -  Download Image Now - Fist, Raised Fist, Vector - iStock",https://media.istockphoto.com/id/1299236204/vector/raised-fist-vector-icon-human-hand-up-in-the-air.jpg?s=612x612&w=0&k=20&c=Dl8NBM__8onc7N0xcmRExMFGYjfyfLDFQ1sLfL2Hrs4=
28,/Users/matthewhayes/Documents/CS236 Deep Generative Models/Project/Google-Image-Scraper/photos2/palms out/palmsout6.jpeg,palms out,Palms up Cut Out Stock Images & Pictures - Alamy,https://c8.alamy.com/comp/BT2KPR/empty-palms-up-isolated-on-a-white-background-BT2KPR.jpg
29,/Users/matthewhayes/Documents/CS236 Deep Generative Models/Project/Google-Image-Scraper/photos2/palms out/palmsout7.jpeg,palms out,The Palms Up Way of Life - Becoming Minimalist,https://www.becomingminimalist.com/wp-content/uploads/2010/04/man-with-outstretched-palms.jpg
30,/Users/matthewhayes/Documents/CS236 Deep Generative Models/Project/Google-Image-Scraper/photos2/fist/fist7.png,fist,How you clench your fist reveals a lot about your personality - Times of  India,"https://static.toiimg.com/thumb/imgsize-23456,msid-94098534,width-600,resizemode-4/94098534.jpg"
31,/Users/matthewhayes/Documents/CS236 Deep Generative Models/Project/Google-Image-Scraper/photos2/fist/fist8.png,fist,Fist Svg Fist Drawing Raised Fist Silhouette - Etsy,https://i.etsystatic.com/17123942/r/il/9cfab0/1516578778/il_340x270.1516578778_ak1o.jpg
32,/Users/matthewhayes/Documents/CS236 Deep Generative Models/Project/Google-Image-Scraper/photos2/palms out/palmsout8.jpeg,palms out,"Open Hand With Palm Up Isolated On White Background Stock Photo, Picture  and Royalty Free Image. Image 91278059.",https://previews.123rf.com/images/paulphoto/paulphoto1712/paulphoto171200002/91278059-open-hand-with-palm-up-isolated-on-white-background.jpg
33,/Users/matthewhayes/Documents/CS236 Deep Generative Models/Project/Google-Image-Scraper/photos2/two fingers/twofingers5.jpeg,two fingers,Two Fingers Transparent Images - Free Download on Freepik,https://img.freepik.com/free-photo/counting-fingers-five-inner-palm_628469-493.jpg?size=626&ext=jpg&ga=GA1.1.386372595.1698192000&semt=ais
34,/Users/matthewhayes/Documents/CS236 Deep Generative Models/Project/Google-Image-Scraper/photos2/thumbs up/thumbsup0.jpeg,thumbs up,Thumb signal - Wikipedia,https://upload.wikimedia.org/wikipedia/commons/thumb/7/74/Beijing_bouddhist_monk_2009_IMG_1486.JPG/1200px-Beijing_bouddhist_monk_2009_IMG_1486.JPG
35,/Users/matthewhayes/Documents/CS236 Deep Generative Models/Project/Google-Image-Scraper/photos2/palms out/palmsout9.jpeg,palms out,Hands palms up Cut Out Stock Images & Pictures - Alamy,https://c8.alamy.com/comp/CWEWDB/hands-palms-isolated-against-white-CWEWDB.jpg
36,/Users/matthewhayes/Documents/CS236 Deep Generative Models/Project/Google-Image-Scraper/photos2/thumbs up/thumbsup1.jpeg,thumbs up,"Thumbs Up Emoji Images – Browse 12,475 Stock Photos, Vectors, and Video |  Adobe Stock",https://t4.ftcdn.net/jpg/04/89/39/47/360_F_489394725_Oox6jg48u2K0FSk4RlPCzqkU7Qvu2BSu.jpg
37,/Users/matthewhayes/Documents/CS236 Deep Generative Models/Project/Google-Image-Scraper/photos2/two fingers/twofingers6.png,two fingers,Two fingers - Free hands and gestures icons,https://cdn-icons-png.flaticon.com/512/3179/3179291.png
38,/Users/matthewhayes/Documents/CS236 Deep Generative Models/Project/Google-Image-Scraper/photos2/thumbs up/thumbsup2.jpeg,thumbs up,"Thumbs Up Emoji Images – Browse 12,475 Stock Photos, Vectors, and Video |  Adobe Stock",https://t4.ftcdn.net/jpg/01/15/20/75/360_F_115207580_US2etunH78I7iMYHOoNVvxQTCIdoPdRj.jpg
39,/Users/matthewhayes/Documents/CS236 Deep Generative Models/Project/Google-Image-Scraper/photos2/two fingers/twofingers7.jpeg,two fingers,Hand with two fingers up Royalty Free Vector Image,https://cdn5.vectorstock.com/i/1000x1000/60/24/hand-with-two-fingers-up-vector-20796024.jpg
40,/Users/matthewhayes/Documents/CS236 Deep Generative Models/Project/Google-Image-Scraper/photos2/two fingers/twofingers8.jpeg,two fingers,"Vintage Pop Art Two Fingers Up Gesture. Stock Vector - Illustration of  knuckle, aggression: 37021341",https://thumbs.dreamstime.com/z/vintage-pop-art-two-fingers-up-gesture-great-illustration-comic-book-style-gesturing-negative-dissatisfaction-37021341.jpg
41,/Users/matthewhayes/Documents/CS236 Deep Generative Models/Project/Google-Image-Scraper/photos2/thumbs up/thumbsup3.png,thumbs up,"thumbs up"" Emoji - Download for free – Iconduck",https://static-00.iconduck.com/assets.00/thumbs-up-emoji-953x1024-0clp4937.png
42,/Users/matthewhayes/Documents/CS236 Deep Generative Models/Project/Google-Image-Scraper/photos2/thumbs up/thumbsup4.jpeg,thumbs up,"Double Thumbs Up Emoticon Stock Illustration - Download Image Now -  Emoticon, Thumbs Up, Anthropomorphic Smiley Face - iStock",https://media.istockphoto.com/id/1383831579/vector/double-thumbs-up-emoticon.jpg?s=612x612&w=0&k=20&c=gk_PkPyFLeQCB69U8vhxmzlyikncetntRGfRghJTEiM=
43,/Users/matthewhayes/Documents/CS236 Deep Generative Models/Project/Google-Image-Scraper/photos2/fist/fist9.jpeg,fist,Personality quiz: Here's what your FIST formation says about you | The  Times of India,https://static.toiimg.com/thumb/88504951.cms?width=400&height=300&resizemode=4&imgsize=8830
44,/Users/matthewhayes/Documents/CS236 Deep Generative Models/Project/Google-Image-Scraper/photos2/thumbs up/thumbsup5.png,thumbs up,Thumbs Up Emoji (U+1F44D),https://s3.amazonaws.com/pix.iemoji.com/images/emoji/apple/ios-12/256/thumbs-up.png
45,/Users/matthewhayes/Documents/CS236 Deep Generative Models/Project/Google-Image-Scraper/photos2/two fingers/twofingers9.jpeg,two fingers,Hand Two Fingers Peace Victory Symbol Stock Photo 123964534 | Shutterstock,https://www.shutterstock.com/shutterstock/photos/123964534/display_1500/stock-photo-hand-with-two-fingers-up-in-the-peace-or-victory-symbol-also-the-sign-for-the-letter-v-in-sign-123964534.jpg
46,/Users/matthewhayes/Documents/CS236 Deep Generative Models/Project/Google-Image-Scraper/photos2/thumbs up/thumbsup6.png,thumbs up,"Download Thumbs Up, Emoji, Smiley. Royalty-Free Vector Graphic - Pixabay",https://cdn.pixabay.com/photo/2022/12/11/04/11/thumbs-up-7648171_1280.png
47,/Users/matthewhayes/Documents/CS236 Deep Generative Models/Project/Google-Image-Scraper/photos2/thumbs up/thumbsup7.jpeg,thumbs up,"Amazon.com: Thumbs up smiling emoji Emoticon Car DECAL window TRUCK BOAT  LAPTOP CUP STICKER (Size: 48"") : Everything Else","https://m.media-amazon.com/images/I/41PzW6gu3tL._UF1000,1000_QL80_.jpg"
48,/Users/matthewhayes/Documents/CS236 Deep Generative Models/Project/Google-Image-Scraper/photos2/thumbs up/thumbsup8.png,thumbs up,Thumbs Up Emoji - what it means and how to use it.,https://1000logos.net/wp-content/uploads/2023/05/thumbs-up.png
49,/Users/matthewhayes/Documents/CS236 Deep Generative Models/Project/Google-Image-Scraper/photos2/thumbs up/thumbsup9.jpeg,thumbs up,Canada court: thumbs up emoji is legally binding | Popular Science,https://www.popsci.com/uploads/2023/07/10/thumbs-up-man-suit.jpeg?auto=webp&width=1440&height=810
50,/Users/matthewhayes/Documents/CS236 Deep Generative Models/Project/Google-Image-Scraper/photos2/handshake/handshake0.jpeg,handshake,"3,172 Hand Shake Clip Art Images, Stock Photos, 3D objects, & Vectors |  Shutterstock",https://www.shutterstock.com/image-vector/business-handshake-contract-agreement-flat-600w-405401863.jpg
51,/Users/matthewhayes/Documents/CS236 Deep Generative Models/Project/Google-Image-Scraper/photos2/handshake/handshake1.jpeg,handshake,Making your handshake work for you in your career (opinion),https://www.insidehighered.com/sites/default/files/styles/max_650x650/public/media/barber%20handshake.jpg?itok=9FJCpvcE
52,/Users/matthewhayes/Documents/CS236 Deep Generative Models/Project/Google-Image-Scraper/photos2/handshake/handshake2.jpeg,handshake,Importance of a Good Handshake,https://media.licdn.com/dms/image/C4D12AQFvR6webwTsKw/article-cover_image-shrink_720_1280/0/1533823206296?e=2147483647&v=beta&t=wZN4Py-PYNTGQa6WCk1HVhivWC8SWcoIYFN1LdI1b9A
53,/Users/matthewhayes/Documents/CS236 Deep Generative Models/Project/Google-Image-Scraper/photos2/handshake/handshake3.png,handshake,"File:Handshake, by David.svg - Wikipedia",https://upload.wikimedia.org/wikipedia/commons/thumb/9/97/Handshake%2C_by_David.svg/1280px-Handshake%2C_by_David.svg.png
54,/Users/matthewhayes/Documents/CS236 Deep Generative Models/Project/Google-Image-Scraper/photos2/handshake/handshake5.jpeg,handshake,The Loss of the Handshake is an Opportunity for Connection - UT News,https://news.utexas.edu/wp-content/uploads/2019/06/Mixed-Race-Hands.jpg
55,/Users/matthewhayes/Documents/CS236 Deep Generative Models/Project/Google-Image-Scraper/photos2/handshake/handshake6.png,handshake,Handshake - Free business icons,https://cdn-icons-png.flaticon.com/512/10017/10017692.png
56,/Users/matthewhayes/Documents/CS236 Deep Generative Models/Project/Google-Image-Scraper/photos2/handshake/handshake7.jpeg,handshake,Business Handshake Arrow | Great PowerPoint ClipArt for Presentations -  PresenterMedia.com,https://content.presentermedia.com/files/clipart/00019000/19719/business_handshake_arrow_800_wht.jpg
57,/Users/matthewhayes/Documents/CS236 Deep Generative Models/Project/Google-Image-Scraper/photos2/handshake/handshake9.jpeg,handshake,Handshake sketch business concept people Vector Image,https://cdn5.vectorstock.com/i/1000x1000/14/34/handshake-sketch-business-concept-people-vector-27841434.jpg
58,/Users/matthewhayes/Documents/CS236 Deep Generative Models/Project/Google-Image-Scraper/photos2/hands/hands0.jpeg,hands,"5 Ways to Make Your Perpetually Dry Hands Softer, Straight From  Dermatologists",https://www.byrdie.com/thmb/aitjY8Vben7qDqucDkPpFVGmgtY=/1500x0/filters:no_upscale():max_bytes(150000):strip_icc()/Stocksy_txpb2b5c3f8V4f300_Medium_5025475-730a608bc5c246449a043a335dfb8299.jpg
59,/Users/matthewhayes/Documents/CS236 Deep Generative Models/Project/Google-Image-Scraper/photos2/hands/hands1.jpeg,hands,"Hand - Simple English Wikipedia, the free encyclopedia",https://upload.wikimedia.org/wikipedia/commons/thumb/3/32/Human-Hands-Front-Back.jpg/640px-Human-Hands-Front-Back.jpg
60,/Users/matthewhayes/Documents/CS236 Deep Generative Models/Project/Google-Image-Scraper/photos2/hands/hands2.jpeg,hands,How To Draw Hands - Step by Step Guide | 21 Draw,https://www.21-draw.com/wp-content/uploads/2022/07/how-to-draw-hands.jpg
61,/Users/matthewhayes/Documents/CS236 Deep Generative Models/Project/Google-Image-Scraper/photos2/one finger/onefinger0.jpeg,one finger,"318,928 One Finger Stock Photos - Free & Royalty-Free Stock Photos from  Dreamstime",https://thumbs.dreamstime.com/b/one-finger-20482985.jpg
62,/Users/matthewhayes/Documents/CS236 Deep Generative Models/Project/Google-Image-Scraper/photos2/hands/hands3.jpeg,hands,How to Get Soft Hands: Effective Tips & Strategies,https://media.post.rvohealth.io/wp-content/uploads/2020/08/soft_black_hands-732x549-thumbnail.jpg
63,/Users/matthewhayes/Documents/CS236 Deep Generative Models/Project/Google-Image-Scraper/photos2/one finger/onefinger1.jpeg,one finger,One finger up hand gesture icon image Royalty Free Vector,https://cdn2.vectorstock.com/i/1000x1000/65/46/one-finger-up-hand-gesture-icon-image-vector-19526546.jpg
64,/Users/matthewhayes/Documents/CS236 Deep Generative Models/Project/Google-Image-Scraper/photos2/hands/hands4.webp,hands,Why do we have lines on the palms of our hands? - BBC Science Focus Magazine,https://c02.purpledshub.com/uploads/sites/41/2018/07/GettyImages-77937874-9ed4b0b.jpg?w=1029&webp=1
65,/Users/matthewhayes/Documents/CS236 Deep Generative Models/Project/Google-Image-Scraper/photos2/one finger/onefinger2.png,one finger,"Hand, gesture, finger, one icon - Download on Iconfinder",https://cdn1.iconfinder.com/data/icons/baseball-line-vol-1/74/hand_gesture__hand__finger__one-512.png
66,/Users/matthewhayes/Documents/CS236 Deep Generative Models/Project/Google-Image-Scraper/photos2/one finger/onefinger3.jpeg,one finger,Hand with number 1 / one finger line art icon for apps and websites Stock  Vector | Adobe Stock,https://as1.ftcdn.net/v2/jpg/01/01/47/46/1000_F_101474620_vk4s9G6B2rP4qcBa9wCxGZt2qlnpWp4I.jpg
67,/Users/matthewhayes/Documents/CS236 Deep Generative Models/Project/Google-Image-Scraper/photos2/hands/hands5.jpeg,hands,How to Care for Hands: The Ultimate Guide | Blog | Somerset Toiletry Co,https://cdn-bphbj.nitrocdn.com/GmrbgIQbBvZIWNNQeAPejVePVJgOXXSf/assets/images/optimized/rev-13d8d36/thesomersettoiletryco.co.uk/wp-content/uploads/2021/04/womanizer-wow-tech-8oB43mw658c-unsplash.jpg
68,/Users/matthewhayes/Documents/CS236 Deep Generative Models/Project/Google-Image-Scraper/photos2/one finger/onefinger4.jpeg,one finger,One finger up hand gesture icon image Royalty Free Vector,https://cdn2.vectorstock.com/i/1000x1000/65/31/one-finger-up-hand-gesture-icon-image-vector-19526531.jpg
69,/Users/matthewhayes/Documents/CS236 Deep Generative Models/Project/Google-Image-Scraper/photos2/one finger/onefinger5.jpeg,one finger,"One Finger"" Images – Browse 2,021 Stock Photos, Vectors, and Video | Adobe  Stock",https://t4.ftcdn.net/jpg/04/90/28/67/360_F_490286707_QCB4O1HcPFlaf4wFfHZ6YE5HbUFgQokt.jpg
70,/Users/matthewhayes/Documents/CS236 Deep Generative Models/Project/Google-Image-Scraper/photos2/hands/hands6.jpeg,hands,How to Draw HANDS and HAND POSES! - YouTube,https://i.ytimg.com/vi/2CmrMRXoA8Q/maxresdefault.jpg
71,/Users/matthewhayes/Documents/CS236 Deep Generative Models/Project/Google-Image-Scraper/photos2/one finger/onefinger6.png,one finger,One-Finger Icons - Free SVG & PNG One-Finger Images - Noun Project,https://static.thenounproject.com/png/73717-200.png
72,/Users/matthewhayes/Documents/CS236 Deep Generative Models/Project/Google-Image-Scraper/photos2/one finger/onefinger7.jpeg,one finger,One Finger Images - Free Download on Freepik,https://img.freepik.com/free-photo/attention-gesture_186202-420.jpg
73,/Users/matthewhayes/Documents/CS236 Deep Generative Models/Project/Google-Image-Scraper/photos2/one finger/onefinger8.jpeg,one finger,"One Finger Stock Illustrations – 22,208 One Finger Stock Illustrations,  Vectors & Clipart - Dreamstime",https://thumbs.dreamstime.com/z/number-one-hand-finger-pointing-up-isolated-vector-illustration-sharp-number-one-one-way-hand-finger-pointing-up-full-212047197.jpg
74,/Users/matthewhayes/Documents/CS236 Deep Generative Models/Project/Google-Image-Scraper/photos2/one finger/onefinger9.jpeg,one finger,"One finger up thin line icon, hand gestures concept, Attention hand gesture  sign on white background, Pointing finger symbol in outline style for Stock  Vector Image & Art - Alamy",https://c8.alamy.com/comp/2E634WX/one-finger-up-thin-line-icon-hand-gestures-concept-attention-hand-gesture-sign-on-white-background-pointing-finger-symbol-in-outline-style-for-2E634WX.jpg
75,/Users/matthewhayes/Documents/CS236 Deep Generative Models/Project/Google-Image-Scraper/photos2/man showing hand/manshowinghand0.jpeg,man showing hand,Blond man showing his hand palm Stock Photo by ©kues 71093563,https://st2.depositphotos.com/4196725/7109/i/950/depositphotos_71093563-stock-photo-blond-man-showing-his-hand.jpg
76,/Users/matthewhayes/Documents/CS236 Deep Generative Models/Project/Google-Image-Scraper/photos2/man showing hand/manshowinghand1.jpeg,man showing hand,Man Hand Holding Images - Free Download on Freepik,https://img.freepik.com/free-photo/image-skeptical-brunette-guy-holding-empty-copy-space-hands-showing-hand-box-gesture-as-if-display-product-logo-looking-displeased-unamused-white-background_176420-53019.jpg
77,/Users/matthewhayes/Documents/CS236 Deep Generative Models/Project/Google-Image-Scraper/photos2/hands/hands7.jpeg,hands,Hand Gestures and Simplifying the Hand! “Anatomy How to Draw by Leriisa #1”  by Leriisa - Make better art | CLIP STUDIO TIPS,https://celcliptipsprod.s3-ap-northeast-1.amazonaws.com/tips_article_body/cb52/724414/e6efc5244e98a8852b434c2422371cae
78,/Users/matthewhayes/Documents/CS236 Deep Generative Models/Project/Google-Image-Scraper/photos2/hands/hands8.jpeg,hands,"Open Hands Sketch Images – Browse 34,073 Stock Photos, Vectors, and Video |  Adobe Stock",https://t4.ftcdn.net/jpg/01/04/39/99/360_F_104399975_i6V4SCb7TJwFqVIaHs4UW0adNwUArAsQ.jpg
79,/Users/matthewhayes/Documents/CS236 Deep Generative Models/Project/Google-Image-Scraper/photos2/man showing hand/manshowinghand2.jpeg,man showing hand,"Handsome Man Showing Something On The Palm Of His Hand Stock Photo, Picture  and Royalty Free Image. Image 13469096.",https://previews.123rf.com/images/dolgachov/dolgachov1205/dolgachov120500195/13469096-handsome-man-showing-something-on-the-palm-of-his-hand.jpg
80,/Users/matthewhayes/Documents/CS236 Deep Generative Models/Project/Google-Image-Scraper/photos2/five fingers/fivefingers0.jpeg,five fingers,Five Fingers (2006) - IMDb,https://m.media-amazon.com/images/M/MV5BMTMxMzU4NDY5Ml5BMl5BanBnXkFtZTcwODkzODA3Mg@@._V1_.jpg
81,/Users/matthewhayes/Documents/CS236 Deep Generative Models/Project/Google-Image-Scraper/photos2/man showing hand/manshowinghand3.jpeg,man showing hand,"Handsome Man Showing Hand To Camera Stock Photo, Picture and Royalty Free  Image. Image 10013451.",https://previews.123rf.com/images/goodluz/goodluz1107/goodluz110701140/10013451-handsome-man-showing-hand-to-camera.jpg
82,/Users/matthewhayes/Documents/CS236 Deep Generative Models/Project/Google-Image-Scraper/photos2/man showing hand/manshowinghand4.jpeg,man showing hand,man showing something on the palm of his hand Stock Photo - Alamy,https://c8.alamy.com/comp/E63KRP/man-showing-something-on-the-palm-of-his-hand-E63KRP.jpg
83,/Users/matthewhayes/Documents/CS236 Deep Generative Models/Project/Google-Image-Scraper/photos2/photo of fist/photooffist0.jpeg,photo of fist,"A clenched fist. Against a white background for easy extraction , #AFF,  #white, #fist, #clenched, #extr… | Hand reference, Hand drawing reference,  How to draw hands",https://i.pinimg.com/736x/99/48/11/99481165b3db03fc18e134803ad281bb.jpg
84,/Users/matthewhayes/Documents/CS236 Deep Generative Models/Project/Google-Image-Scraper/photos2/man showing hand/manshowinghand5.jpeg,man showing hand,"37,523 Man Showing Something Hand Images, Stock Photos, 3D objects, &  Vectors | Shutterstock",https://www.shutterstock.com/image-photo/open-business-man-hand-showing-260nw-398456056.jpg
85,/Users/matthewhayes/Documents/CS236 Deep Generative Models/Project/Google-Image-Scraper/photos2/photo of fist/photooffist1.jpeg,photo of fist,"Fist Images – Browse 551,261 Stock Photos, Vectors, and Video | Adobe Stock",https://t4.ftcdn.net/jpg/02/84/08/69/360_F_284086907_taiUJZGHNFnJo0WyQRUZcW3bhKx8nsfX.jpg
86,/Users/matthewhayes/Documents/CS236 Deep Generative Models/Project/Google-Image-Scraper/photos2/five fingers/fivefingers1.png,five fingers,FiveFingers: The Original Barefoot Toe Shoes for Men | Vibram,https://www.vibram.com/on/demandware.static/-/Sites-vibram-storefront-us/default/dwedd2ace1/CATEGORYBACKGROUNDS/2023/Mobile/1350x1688_Men'sFiveFingers-min.png
87,/Users/matthewhayes/Documents/CS236 Deep Generative Models/Project/Google-Image-Scraper/photos2/man showing hand/manshowinghand6.jpeg,man showing hand,Young african american man showing an ok sign with fingers and giving a  thumb up gesture with the other hand on isolated background Stock Photo |  Adobe Stock,https://as2.ftcdn.net/v2/jpg/02/08/59/59/1000_F_208595969_unuqdRYCjNGF4ZFjkGHSGmcuCazqKX15.jpg
88,/Users/matthewhayes/Documents/CS236 Deep Generative Models/Project/Google-Image-Scraper/photos2/photo of fist/photooffist2.jpeg,photo of fist,"613,200 Fist Images, Stock Photos, 3D objects, & Vectors | Shutterstock",https://www.shutterstock.com/image-photo/holding-fists-air-isolated-on-600w-2237604181.jpg
89,/Users/matthewhayes/Documents/CS236 Deep Generative Models/Project/Google-Image-Scraper/photos2/five fingers/fivefingers2.png,five fingers,five fingers Icon - Free PNG & SVG 73721 - Noun Project,https://static.thenounproject.com/png/73721-200.png
90,/Users/matthewhayes/Documents/CS236 Deep Generative Models/Project/Google-Image-Scraper/photos2/photo of five fingers/photooffivefingers0.jpeg,photo of five fingers,"Five Fingers Images – Browse 118,009 Stock Photos, Vectors, and Video |  Adobe Stock",https://t4.ftcdn.net/jpg/05/54/78/89/360_F_554788951_fLAy5C8e9bha4caBTWVJN6rvTD0pEVfE.jpg
91,/Users/matthewhayes/Documents/CS236 Deep Generative Models/Project/Google-Image-Scraper/photos2/hands/hands9.png,hands,Day 16 // How to Draw Hands • Bardot Brush,https://bardotbrush.com/wp-content/uploads/2019/07/Hand-Palm-Reference-Photo.png
92,/Users/matthewhayes/Documents/CS236 Deep Generative Models/Project/Google-Image-Scraper/photos2/man showing hand/manshowinghand7.jpeg,man showing hand,young man showing something with his hand Stock Photo - Alamy,https://c8.alamy.com/comp/2AB4D6K/young-man-showing-something-with-his-hand-2AB4D6K.jpg
93,/Users/matthewhayes/Documents/CS236 Deep Generative Models/Project/Google-Image-Scraper/photos2/photo of fist/photooffist3.jpeg,photo of fist,Fist Svg Clenched Fist Svg Raised Fist Svg Vector Cut File - Etsy,https://i.etsystatic.com/22467704/r/il/1d29b1/2657274262/il_1080xN.2657274262_a743.jpg
94,/Users/matthewhayes/Documents/CS236 Deep Generative Models/Project/Google-Image-Scraper/photos2/five fingers/fivefingers3.jpeg,five fingers,Five Finger Full Value Contract — Friendzy,https://images.squarespace-cdn.com/content/v1/5dc5d641498834108f7c46a5/22951f79-a0fa-4691-867c-630143f9e468/5-Finger-Hero.jpg
95,/Users/matthewhayes/Documents/CS236 Deep Generative Models/Project/Google-Image-Scraper/photos2/photo of fist/photooffist4.jpeg,photo of fist,"Raised Fist Vector Icon Human Hand Up In The Air Stock Illustration -  Download Image Now - Fist, Raised Fist, Vector - iStock",https://media.istockphoto.com/id/1299236204/vector/raised-fist-vector-icon-human-hand-up-in-the-air.jpg?s=612x612&w=0&k=20&c=Dl8NBM__8onc7N0xcmRExMFGYjfyfLDFQ1sLfL2Hrs4=
96,/Users/matthewhayes/Documents/CS236 Deep Generative Models/Project/Google-Image-Scraper/photos2/man showing hand/manshowinghand8.jpeg,man showing hand,"8,833 Man Hand Showing Stop Sign Stock Photos - Free & Royalty-Free Stock  Photos from Dreamstime",https://thumbs.dreamstime.com/z/young-african-man-showing-stop-sign-hand-over-white-background-41266059.jpg
97,/Users/matthewhayes/Documents/CS236 Deep Generative Models/Project/Google-Image-Scraper/photos2/photo of fist/photooffist5.jpeg,photo of fist,"Fist Icon Stock Illustrations – 46,201 Fist Icon Stock Illustrations,  Vectors & Clipart - Dreamstime",https://thumbs.dreamstime.com/b/fist-icon-vector-illustration-55195634.jpg
98,/Users/matthewhayes/Documents/CS236 Deep Generative Models/Project/Google-Image-Scraper/photos2/five fingers/fivefingers4.jpeg,five fingers,Five Fingers (South Korean TV series) - Wikipedia,https://upload.wikimedia.org/wikipedia/en/4/40/Five_Fingers-poster.jpg
99,/Users/matthewhayes/Documents/CS236 Deep Generative Models/Project/Google-Image-Scraper/photos2/photo of fist/photooffist6.jpeg,photo of fist,fist front side of man hand isolated on white background. punching  something. Stock Photo | Adobe Stock,https://as2.ftcdn.net/v2/jpg/05/10/74/73/1000_F_510747386_bfyQTowfiPdeNy254lhVUjMAooyiEo14.jpg
100,/Users/matthewhayes/Documents/CS236 Deep Generative Models/Project/Google-Image-Scraper/photos2/man showing hand/manshowinghand9.jpeg,man showing hand,business man showing his hand over a white background (shallow DOF) |  Freestock photos,https://s3.amazonaws.com/freestock-prod/450/freestock_2033732.jpg
101,/Users/matthewhayes/Documents/CS236 Deep Generative Models/Project/Google-Image-Scraper/photos2/photo of fist/photooffist7.jpeg,photo of fist,"Fist Images – Browse 551,261 Stock Photos, Vectors, and Video | Adobe Stock",https://t4.ftcdn.net/jpg/02/08/73/11/360_F_208731134_MohLuvF95mSIJUCUiZiba2tLddXtEMtQ.jpg
102,/Users/matthewhayes/Documents/CS236 Deep Generative Models/Project/Google-Image-Scraper/photos2/photo of fist/photooffist8.jpeg,photo of fist,"Fist Punching Stock Illustrations – 4,379 Fist Punching Stock  Illustrations, Vectors & Clipart - Dreamstime",https://thumbs.dreamstime.com/z/hand-fist-punching-hitting-comic-pop-art-symbol-vector-illustration-white-background-86650730.jpg
103,/Users/matthewhayes/Documents/CS236 Deep Generative Models/Project/Google-Image-Scraper/photos2/five fingers/fivefingers5.jpeg,five fingers,I Pray with My Five Fingers Magnet - The ACTS Mission Store,https://cdn.shoplightspeed.com/shops/602983/files/9119981/praying-with-your-five-fingers-magnet.jpg
104,/Users/matthewhayes/Documents/CS236 Deep Generative Models/Project/Google-Image-Scraper/photos2/photo of fist/photooffist9.jpeg,photo of fist,"190,100+ Fist Stock Photos, Pictures & Royalty-Free Images - iStock | Fist  icon, Punch, Fist icon set",https://media.istockphoto.com/id/1266768899/vector/protest-vector-icon-isolated-on-white-background-outline-thin-line-protest-icon-for-website.jpg?s=612x612&w=0&k=20&c=MhJcnC3ZhnYRMPGKSwLCZfEwhlmh8h4l-ewAkKU7OLk=
105,/Users/matthewhayes/Documents/CS236 Deep Generative Models/Project/Google-Image-Scraper/photos2/photo of five fingers/photooffivefingers1.jpeg,photo of five fingers,Five-Finger-Voting... vote with your five fingers.,https://www.plays-in-business.com/wp-content/uploads/2015/07/five-finger-voting.jpg
106,/Users/matthewhayes/Documents/CS236 Deep Generative Models/Project/Google-Image-Scraper/photos2/five fingers/fivefingers6.jpeg,five fingers,Five fingers of a hand Royalty Free Vector Image,https://cdn4.vectorstock.com/i/1000x1000/17/73/five-fingers-of-a-hand-vector-6571773.jpg
107,/Users/matthewhayes/Documents/CS236 Deep Generative Models/Project/Google-Image-Scraper/photos2/photo of five fingers/photooffivefingers2.jpeg,photo of five fingers,Five fingers of a hand Royalty Free Vector Image,https://cdn4.vectorstock.com/i/1000x1000/17/73/five-fingers-of-a-hand-vector-6571773.jpg
108,/Users/matthewhayes/Documents/CS236 Deep Generative Models/Project/Google-Image-Scraper/photos2/five fingers/fivefingers7.jpeg,five fingers,Five Fingers | Number Songs | Pinkfong Songs for Children - YouTube,https://i.ytimg.com/vi/Ic7b5tvYaeQ/maxresdefault.jpg
109,/Users/matthewhayes/Documents/CS236 Deep Generative Models/Project/Google-Image-Scraper/photos2/photo of five fingers/photooffivefingers3.png,photo of five fingers,Five fingers - Free hands and gestures icons,https://cdn-icons-png.flaticon.com/256/2121/2121092.png
110,/Users/matthewhayes/Documents/CS236 Deep Generative Models/Project/Google-Image-Scraper/photos2/five fingers/fivefingers8.jpeg,five fingers,"Five Finger Hand Kid Boy Stock Illustrations – 73 Five Finger Hand Kid Boy  Stock Illustrations, Vectors & Clipart - Dreamstime",https://thumbs.dreamstime.com/b/kid-s-hand-showing-number-five-fingers-icon-counting-education-childrens-vector-illustration-sign-104947754.jpg
111,/Users/matthewhayes/Documents/CS236 Deep Generative Models/Project/Google-Image-Scraper/photos2/photo of five fingers/photooffivefingers4.png,photo of five fingers,Five Fingers - Free hands and gestures icons,https://cdn-icons-png.flaticon.com/512/9971/9971672.png
112,/Users/matthewhayes/Documents/CS236 Deep Generative Models/Project/Google-Image-Scraper/photos2/five fingers/fivefingers9.jpeg,five fingers,One hand. Hand showing five fingers. A welcome gesture. Stopping gesture.  stop character. Opened palm of the hand. Painted hand. Contour arm.  Illustration of five fingers. Stock Illustration | Adobe Stock,https://as1.ftcdn.net/v2/jpg/01/10/24/08/1000_F_110240885_Xbsbun1F2lzeuyi0ArtvuDMirJ2TrAbE.jpg
113,/Users/matthewhayes/Documents/CS236 Deep Generative Models/Project/Google-Image-Scraper/photos2/photo of five fingers/photooffivefingers5.jpeg,photo of five fingers,outlined hand showing five finger palm image Stock Vector Image & Art -  Alamy,https://c8.alamy.com/comp/JADHAA/outlined-hand-showing-five-finger-palm-image-JADHAA.jpg
114,/Users/matthewhayes/Documents/CS236 Deep Generative Models/Project/Google-Image-Scraper/photos2/photo of five fingers/photooffivefingers6.jpeg,photo of five fingers,"Image Of Male Hand Showing Five Fingers On A White Background Stock Photo,  Picture and Royalty Free Image. Image 12061585.",https://previews.123rf.com/images/pressmaster/pressmaster1201/pressmaster120100645/12061585-image-of-male-hand-showing-five-fingers-on-a-white-background.jpg
115,/Users/matthewhayes/Documents/CS236 Deep Generative Models/Project/Google-Image-Scraper/photos2/photo of hands/photoofhands0.jpeg,photo of hands,20+ Hands Pictures | Download Free Images on Unsplash,https://plus.unsplash.com/premium_photo-1666264200708-f28fd190f308?q=80&w=1000&auto=format&fit=crop&ixlib=rb-4.0.3&ixid=M3wxMjA3fDB8MHxzZWFyY2h8OXx8aGFuZHN8ZW58MHx8MHx8fDA%3D
116,/Users/matthewhayes/Documents/CS236 Deep Generative Models/Project/Google-Image-Scraper/photos2/photo of five fingers/photooffivefingers7.jpeg,photo of five fingers,Hand showing five fingers Royalty Free Vector Image,https://cdn1.vectorstock.com/i/1000x1000/07/75/hand-showing-five-fingers-vector-25090775.jpg
117,/Users/matthewhayes/Documents/CS236 Deep Generative Models/Project/Google-Image-Scraper/photos2/photo of five fingers/photooffivefingers8.png,photo of five fingers,five fingers Icon - Free PNG & SVG 73721 - Noun Project,https://static.thenounproject.com/png/73721-200.png
118,/Users/matthewhayes/Documents/CS236 Deep Generative Models/Project/Google-Image-Scraper/photos2/photo of hands/photoofhands1.jpeg,photo of hands,20+ Hands Pictures | Download Free Images on Unsplash,https://plus.unsplash.com/premium_photo-1666107278223-44299e033030?q=80&w=1000&auto=format&fit=crop&ixlib=rb-4.0.3&ixid=M3wxMjA3fDB8MHxzZWFyY2h8NXx8aGFuZHN8ZW58MHx8MHx8fDA%3D
119,/Users/matthewhayes/Documents/CS236 Deep Generative Models/Project/Google-Image-Scraper/photos2/photo of hands/photoofhands2.jpeg,photo of hands,"Hands Images – Browse 37,973,458 Stock Photos, Vectors, and Video | Adobe  Stock",https://t3.ftcdn.net/jpg/00/62/18/88/360_F_62188812_ecZlrgUtO6VFiUOIOHFIdRsROy0i1iBW.jpg
120,/Users/matthewhayes/Documents/CS236 Deep Generative Models/Project/Google-Image-Scraper/photos2/photo of five fingers/photooffivefingers9.jpeg,photo of five fingers,Hand is showing five fingers isolated Stock Photo by ©boule1301 13085427,https://st.depositphotos.com/1616053/1308/i/950/depositphotos_13085427-stock-photo-hand-is-showing-five-fingers.jpg
121,/Users/matthewhayes/Documents/CS236 Deep Generative Models/Project/Google-Image-Scraper/photos2/photo of hands/photoofhands3.png,photo of hands,Day 16 // How to Draw Hands • Bardot Brush,https://bardotbrush.com/wp-content/uploads/2019/07/how-to-draw-hands-homework.png
122,/Users/matthewhayes/Documents/CS236 Deep Generative Models/Project/Google-Image-Scraper/photos2/photo of hands/photoofhands4.jpeg,photo of hands,How To Draw Hands - Step by Step Guide | 21 Draw,https://www.21-draw.com/wp-content/uploads/2022/07/use-reference-images-for-drawing-hands.jpg
123,/Users/matthewhayes/Documents/CS236 Deep Generative Models/Project/Google-Image-Scraper/photos2/photo of hands/photoofhands5.jpeg,photo of hands,"Hand - Simple English Wikipedia, the free encyclopedia",https://upload.wikimedia.org/wikipedia/commons/thumb/3/32/Human-Hands-Front-Back.jpg/640px-Human-Hands-Front-Back.jpg
124,/Users/matthewhayes/Documents/CS236 Deep Generative Models/Project/Google-Image-Scraper/photos2/photo of hands/photoofhands6.webp,photo of hands,Why do we have lines on the palms of our hands? - BBC Science Focus Magazine,https://c02.purpledshub.com/uploads/sites/41/2018/07/GettyImages-77937874-9ed4b0b.jpg?w=1029&webp=1
125,/Users/matthewhayes/Documents/CS236 Deep Generative Models/Project/Google-Image-Scraper/photos2/photo of hands/photoofhands7.jpeg,photo of hands,"Hands Photos, Download The BEST Free Hands Stock Photos & HD Images",https://images.pexels.com/photos/2838506/pexels-photo-2838506.jpeg?cs=srgb&dl=pexels-lil-artsy-2838506.jpg&fm=jpg
126,/Users/matthewhayes/Documents/CS236 Deep Generative Models/Project/Google-Image-Scraper/photos2/photo of hands/photoofhands8.jpeg,photo of hands,How To Draw Hands - Step by Step Guide | 21 Draw,https://www.21-draw.com/wp-content/uploads/2022/07/how-to-draw-hands.jpg
127,/Users/matthewhayes/Documents/CS236 Deep Generative Models/Project/Google-Image-Scraper/photos2/photo of hands/photoofhands9.jpeg,photo of hands,AI Drawing Hands | Know Your Meme,https://i.kym-cdn.com/entries/icons/original/000/043/554/cover2.jpg
128,/Users/matthewhayes/Documents/CS236 Deep Generative Models/Project/Google-Image-Scraper/photos2/photo of handshake/photoofhandshake0.jpeg,photo of handshake,"3,172 Hand Shake Clip Art Images, Stock Photos, 3D objects, & Vectors |  Shutterstock",https://www.shutterstock.com/image-vector/business-handshake-contract-agreement-flat-600w-405401863.jpg
129,/Users/matthewhayes/Documents/CS236 Deep Generative Models/Project/Google-Image-Scraper/photos2/photo of handshake/photoofhandshake1.jpeg,photo of handshake,Making your handshake work for you in your career (opinion),https://www.insidehighered.com/sites/default/files/styles/max_650x650/public/media/barber%20handshake.jpg?itok=9FJCpvcE
130,/Users/matthewhayes/Documents/CS236 Deep Generative Models/Project/Google-Image-Scraper/photos2/photo of handshake/photoofhandshake2.jpeg,photo of handshake,"Handshake Images | Free Photos, PNG Stickers, Wallpapers & Backgrounds -  rawpixel",https://images.rawpixel.com/image_png_800/cHJpdmF0ZS9sci9pbWFnZXMvd2Vic2l0ZS8yMDIyLTA1L2stczMyLXRlbi0wNzAtam9iMjEtbC1qb2I3ODgucG5n.png
131,/Users/matthewhayes/Documents/CS236 Deep Generative Models/Project/Google-Image-Scraper/photos2/photo of handshake/photoofhandshake3.png,photo of handshake,"File:Handshake, by David.svg - Wikipedia",https://upload.wikimedia.org/wikipedia/commons/thumb/9/97/Handshake%2C_by_David.svg/1280px-Handshake%2C_by_David.svg.png
132,/Users/matthewhayes/Documents/CS236 Deep Generative Models/Project/Google-Image-Scraper/photos2/photo of handshake/photoofhandshake4.jpeg,photo of handshake,"Handshake Images – Browse 677,142 Stock Photos, Vectors, and Video | Adobe  Stock",https://t3.ftcdn.net/jpg/04/54/29/74/360_F_454297497_3puTxBIGgb3DoiAPyxWQcVe38dHMQhAb.jpg
133,/Users/matthewhayes/Documents/CS236 Deep Generative Models/Project/Google-Image-Scraper/photos2/photo of handshake/photoofhandshake5.jpeg,photo of handshake,Importance of a Good Handshake,https://media.licdn.com/dms/image/C4D12AQFvR6webwTsKw/article-cover_image-shrink_720_1280/0/1533823206296?e=2147483647&v=beta&t=wZN4Py-PYNTGQa6WCk1HVhivWC8SWcoIYFN1LdI1b9A
134,/Users/matthewhayes/Documents/CS236 Deep Generative Models/Project/Google-Image-Scraper/photos2/photo of handshake/photoofhandshake6.jpeg,photo of handshake,Premium Vector | Hand shake handshake of business man or businessmen  shaking hands as success partnership deal concept illustration isolated on  white background clipart,https://img.freepik.com/premium-vector/hand-shake-handshake-business-man-businessmen-shaking-hands-as-success-partnership-deal-concept-illustration-isolated-white-background-clipart_212005-185.jpg?w=2000
135,/Users/matthewhayes/Documents/CS236 Deep Generative Models/Project/Google-Image-Scraper/photos2/photo of handshake/photoofhandshake7.jpeg,photo of handshake,"289,300+ Handshake Stock Photos, Pictures & Royalty-Free Images - iStock |  Business handshake, Partnership, Handshake icon",https://media.istockphoto.com/id/1387451522/photo/businesswoman-handshake-and-business-people-successful-business-concept.jpg?s=612x612&w=0&k=20&c=HQ6IaTKYqG-x682TjjLyVCyd-DL0K3CPFmIxBnmUYsw=
136,/Users/matthewhayes/Documents/CS236 Deep Generative Models/Project/Google-Image-Scraper/photos2/photo of handshake/photoofhandshake8.jpeg,photo of handshake,The Loss of the Handshake is an Opportunity for Connection - UT News,https://news.utexas.edu/wp-content/uploads/2019/06/Mixed-Race-Hands.jpg
137,/Users/matthewhayes/Documents/CS236 Deep Generative Models/Project/Google-Image-Scraper/photos2/photo of handshake/photoofhandshake9.jpeg,photo of handshake,Handshake sketch. Business concept people handshakes vector doodles Stock  Vector Image & Art - Alamy,https://c8.alamy.com/comp/2F3D1Y8/handshake-sketch-business-concept-people-handshakes-vector-doodles-2F3D1Y8.jpg
138,/Users/matthewhayes/Documents/CS236 Deep Generative Models/Project/Google-Image-Scraper/photos2/photo of palms out/photoofpalmsout0.jpeg,photo of palms out,"Two hands with palms up, isolated on black background | Stock image |  Colourbox",https://d2gg9evh47fn9z.cloudfront.net/800px_COLOURBOX3659381.jpg
139,/Users/matthewhayes/Documents/CS236 Deep Generative Models/Project/Google-Image-Scraper/photos2/photo of palms out/photoofpalmsout1.jpeg,photo of palms out,Palms up Cut Out Stock Images & Pictures - Alamy,https://c8.alamy.com/comp/BT2KPR/empty-palms-up-isolated-on-a-white-background-BT2KPR.jpg
140,/Users/matthewhayes/Documents/CS236 Deep Generative Models/Project/Google-Image-Scraper/photos2/photo of palms out/photoofpalmsout2.jpeg,photo of palms out,"Hands. Two hands with palms up #Sponsored , #Paid, #Ad, #hands, #palms,  #Hands | Stock photography free, Stock photos, Stock images free",https://i.pinimg.com/736x/3d/7f/59/3d7f59790bc36955ca62267e78df69a4.jpg
141,/Users/matthewhayes/Documents/CS236 Deep Generative Models/Project/Google-Image-Scraper/photos2/photo of palms out/photoofpalmsout3.jpeg,photo of palms out,Palms facing out hi-res stock photography and images - Alamy,https://c8.alamy.com/comp/CWEWDB/hands-palms-isolated-against-white-CWEWDB.jpg
142,/Users/matthewhayes/Documents/CS236 Deep Generative Models/Project/Google-Image-Scraper/photos2/photo of palms out/photoofpalmsout4.jpeg,photo of palms out,Two Hands Open Palms Image & Photo (Free Trial) | Bigstock,https://static1.bigstockphoto.com/4/0/4/large1500/404710916.jpg
143,/Users/matthewhayes/Documents/CS236 Deep Generative Models/Project/Google-Image-Scraper/photos2/photo of palms out/photoofpalmsout5.jpeg,photo of palms out,"Outstretched Hands / Palms With White Background Stock Photo, Picture and  Royalty Free Image. Image 80028813.",https://previews.123rf.com/images/paulphoto/paulphoto1706/paulphoto170600010/80028813-outstretched-hands-palms-with-white-background.jpg
144,/Users/matthewhayes/Documents/CS236 Deep Generative Models/Project/Google-Image-Scraper/photos2/photo of palms out/photoofpalmsout6.jpeg,photo of palms out,"Two hands with palms up, isolated on white background | Stock image |  Colourbox",https://d2gg9evh47fn9z.cloudfront.net/1600px_COLOURBOX2585366.jpg
145,/Users/matthewhayes/Documents/CS236 Deep Generative Models/Project/Google-Image-Scraper/photos2/photo of palms out/photoofpalmsout7.jpeg,photo of palms out,"Open Hand With Palm Up Isolated On White Background Stock Photo, Picture  and Royalty Free Image. Image 91278059.",https://previews.123rf.com/images/paulphoto/paulphoto1712/paulphoto171200002/91278059-open-hand-with-palm-up-isolated-on-white-background.jpg
146,/Users/matthewhayes/Documents/CS236 Deep Generative Models/Project/Google-Image-Scraper/photos2/photo of one finger/photoofonefinger0.jpeg,photo of one finger,"318,928 One Finger Stock Photos - Free & Royalty-Free Stock Photos from  Dreamstime",https://thumbs.dreamstime.com/b/one-finger-20482985.jpg
147,/Users/matthewhayes/Documents/CS236 Deep Generative Models/Project/Google-Image-Scraper/photos2/photo of palms out/photoofpalmsout8.jpeg,photo of palms out,Person holding out palms photo – Free Hand Image on Unsplash,https://images.unsplash.com/photo-1571324444810-95ebf06576c1?ixlib=rb-4.0.3&ixid=M3wxMjA3fDB8MHxwaG90by1yZWxhdGVkfDJ8fHxlbnwwfHx8fHw%3D&w=1000&q=80
148,/Users/matthewhayes/Documents/CS236 Deep Generative Models/Project/Google-Image-Scraper/photos2/photo of three fingers/photoofthreefingers1.jpeg,photo of three fingers,"Three Fingers Stock Illustrations – 2,591 Three Fingers Stock  Illustrations, Vectors & Clipart - Dreamstime",https://thumbs.dreamstime.com/z/human-cartoon-hand-showing-three-fingers-number-87864744.jpg
149,/Users/matthewhayes/Documents/CS236 Deep Generative Models/Project/Google-Image-Scraper/photos2/photo of one finger/photoofonefinger1.jpeg,photo of one finger,One Finger Images - Free Download on Freepik,https://img.freepik.com/free-photo/attention-gesture_186202-420.jpg
150,/Users/matthewhayes/Documents/CS236 Deep Generative Models/Project/Google-Image-Scraper/photos2/photo of palms out/photoofpalmsout9.jpeg,photo of palms out,How to use Hands and Palms to Communicate Better | by Kunal Yadav | Medium,https://miro.medium.com/v2/resize:fit:1400/1*_o5yPMOaA_oPc_I-q2cWmA.jpeg
151,/Users/matthewhayes/Documents/CS236 Deep Generative Models/Project/Google-Image-Scraper/photos2/photo of three fingers/photoofthreefingers2.jpeg,photo of three fingers,"75,827 3 Fingers Images, Stock Photos, 3D objects, & Vectors | Shutterstock",https://www.shutterstock.com/image-photo/number-three-woman-hand-260nw-688569595.jpg
152,/Users/matthewhayes/Documents/CS236 Deep Generative Models/Project/Google-Image-Scraper/photos2/photo of one finger/photoofonefinger2.jpeg,photo of one finger,One finger up hand gesture icon image Royalty Free Vector,https://cdn2.vectorstock.com/i/1000x1000/65/46/one-finger-up-hand-gesture-icon-image-vector-19526546.jpg
153,/Users/matthewhayes/Documents/CS236 Deep Generative Models/Project/Google-Image-Scraper/photos2/photo of three fingers/photoofthreefingers3.jpeg,photo of three fingers,Armhand And Fingers Showing Number Three Isolated On White Stock Photo -  Download Image Now - iStock,https://media.istockphoto.com/id/603903320/photo/arm-hand-and-fingers-showing-number-three-isolated-on-white.jpg?s=612x612&w=0&k=20&c=WjYeUvG5U6K0Uh0IeiICMsKwD3hhT1L0-Qx9ldrgVxM=
154,/Users/matthewhayes/Documents/CS236 Deep Generative Models/Project/Google-Image-Scraper/photos2/photo of one finger/photoofonefinger3.jpeg,photo of one finger,"One Finger"" Images – Browse 2,021 Stock Photos, Vectors, and Video | Adobe  Stock",https://t4.ftcdn.net/jpg/04/90/28/67/360_F_490286707_QCB4O1HcPFlaf4wFfHZ6YE5HbUFgQokt.jpg
155,/Users/matthewhayes/Documents/CS236 Deep Generative Models/Project/Google-Image-Scraper/photos2/photo of three fingers/photoofthreefingers4.jpeg,photo of three fingers,Three fingers up ok hand gesture icon image Vector Image,https://cdn5.vectorstock.com/i/1000x1000/61/49/three-fingers-up-ok-hand-gesture-icon-image-vector-19526149.jpg
156,/Users/matthewhayes/Documents/CS236 Deep Generative Models/Project/Google-Image-Scraper/photos2/photo of one finger/photoofonefinger4.jpeg,photo of one finger,One finger up hand gesture icon image Royalty Free Vector,https://cdn2.vectorstock.com/i/1000x1000/65/31/one-finger-up-hand-gesture-icon-image-vector-19526531.jpg
157,/Users/matthewhayes/Documents/CS236 Deep Generative Models/Project/Google-Image-Scraper/photos2/photo of three fingers/photoofthreefingers5.jpeg,photo of three fingers,Three Fingers Cartoon Hand Stock Vector | Adobe Stock,https://as2.ftcdn.net/v2/jpg/00/45/13/35/1000_F_45133537_c22MMptFRrmlFgt3EYCBjTD9SeiuDQ3f.jpg
158,/Users/matthewhayes/Documents/CS236 Deep Generative Models/Project/Google-Image-Scraper/photos2/photo of one finger/photoofonefinger5.jpeg,photo of one finger,"One Finger"" Images – Browse 2,021 Stock Photos, Vectors, and Video | Adobe  Stock",https://t4.ftcdn.net/jpg/00/19/27/51/360_F_19275127_dyFdFhmGrSRxbOd7F1zWQhMgnMGyTVbw.jpg
159,/Users/matthewhayes/Documents/CS236 Deep Generative Models/Project/Google-Image-Scraper/photos2/photo of three fingers/photoofthreefingers6.jpeg,photo of three fingers,Three finger gesture hi-res stock photography and images - Alamy,https://c8.alamy.com/comp/EB0HMJ/hand-gesturing-a-three-finger-salute-isolated-on-white-background-EB0HMJ.jpg
160,/Users/matthewhayes/Documents/CS236 Deep Generative Models/Project/Google-Image-Scraper/photos2/photo of woman showing three fingers/photoofwomanshowingthreefingers0.jpeg,photo of woman showing three fingers,"Three Fingers Woman Images – Browse 22,249 Stock Photos, Vectors, and Video  | Adobe Stock",https://t3.ftcdn.net/jpg/03/33/57/92/360_F_333579250_ZWq6jQ7uwWnyFvZ2T4NpSjQW5fBO9KXY.jpg
161,/Users/matthewhayes/Documents/CS236 Deep Generative Models/Project/Google-Image-Scraper/photos2/photo of one finger/photoofonefinger6.jpeg,photo of one finger,"318,928 One Finger Stock Photos - Free & Royalty-Free Stock Photos from  Dreamstime",https://thumbs.dreamstime.com/b/female-hand-showing-gesture-raised-up-one-finger-isolated-white-background-86096928.jpg
162,/Users/matthewhayes/Documents/CS236 Deep Generative Models/Project/Google-Image-Scraper/photos2/photo of woman showing three fingers/photoofwomanshowingthreefingers1.jpeg,photo of woman showing three fingers,"Three Fingers Woman Images – Browse 22,249 Stock Photos, Vectors, and Video  | Adobe Stock",https://t3.ftcdn.net/jpg/00/60/58/32/360_F_60583288_Ca4Cumms1wnnsQH187eOWxMR1ISELloO.jpg
163,/Users/matthewhayes/Documents/CS236 Deep Generative Models/Project/Google-Image-Scraper/photos2/photo of one finger/photoofonefinger7.png,photo of one finger,"Hand, gesture, finger, one icon - Download on Iconfinder",https://cdn1.iconfinder.com/data/icons/baseball-line-vol-1/74/hand_gesture__hand__finger__one-512.png
164,/Users/matthewhayes/Documents/CS236 Deep Generative Models/Project/Google-Image-Scraper/photos2/photo of woman showing three fingers/photoofwomanshowingthreefingers2.jpeg,photo of woman showing three fingers,"Three Fingers Woman Images – Browse 22,249 Stock Photos, Vectors, and Video  | Adobe Stock",https://t3.ftcdn.net/jpg/04/34/71/40/360_F_434714084_c8CtzgIJxZSU1CEocys8yAd41bNl6n1Z.jpg
165,/Users/matthewhayes/Documents/CS236 Deep Generative Models/Project/Google-Image-Scraper/photos2/photo of one finger/photoofonefinger8.jpeg,photo of one finger,"34,200+ Index Finger Pointing Up Stock Photos, Pictures & Royalty-Free  Images - iStock",https://media.istockphoto.com/id/171239517/photo/isolated-hand.jpg?s=612x612&w=0&k=20&c=z2DTGqIAADE7D8SZ49k_CSbvZ9qE0w4ssfFc8JYfxdE=
166,/Users/matthewhayes/Documents/CS236 Deep Generative Models/Project/Google-Image-Scraper/photos2/photo of two fingers/photooftwofingers0.jpeg,photo of two fingers,"2 Fingers Images – Browse 330,870 Stock Photos, Vectors, and Video | Adobe  Stock",https://t4.ftcdn.net/jpg/01/38/28/19/360_F_138281987_ycmBtfTo9Ie4Ew23ON8fXJql879YQhjF.jpg
167,/Users/matthewhayes/Documents/CS236 Deep Generative Models/Project/Google-Image-Scraper/photos2/photo of one finger/photoofonefinger9.png,photo of one finger,One-Finger Icons - Free SVG & PNG One-Finger Images - Noun Project,https://static.thenounproject.com/png/73717-200.png
168,/Users/matthewhayes/Documents/CS236 Deep Generative Models/Project/Google-Image-Scraper/photos2/photo of woman showing three fingers/photoofwomanshowingthreefingers3.jpeg,photo of woman showing three fingers,"Smiling Business Woman Showing Three Fingers Of One Hand Stock Photo,  Picture and Royalty Free Image. Image 10174938.",https://previews.123rf.com/images/stylephotographs/stylephotographs1108/stylephotographs110800008/10174938-smiling-business-woman-showing-three-fingers-of-one-hand.jpg
169,/Users/matthewhayes/Documents/CS236 Deep Generative Models/Project/Google-Image-Scraper/photos2/photo of two fingers/photooftwofingers1.jpeg,photo of two fingers,Hand with two fingers up Royalty Free Vector Image,https://cdn5.vectorstock.com/i/1000x1000/20/99/hand-with-two-fingers-up-vector-21162099.jpg
170,/Users/matthewhayes/Documents/CS236 Deep Generative Models/Project/Google-Image-Scraper/photos2/photo of woman showing three fingers/photoofwomanshowingthreefingers4.jpeg,photo of woman showing three fingers,"Happy African American Woman Showing Three Fingers Stock Photo - Download  Image Now - Number 3, Finger, One Woman Only - iStock",https://media.istockphoto.com/id/1302419850/photo/happy-african-american-woman-showing-three-fingers.jpg?s=1024x1024&w=is&k=20&c=15hsmfd53RI5rVAf-35zaTZuw4nzgV62UYgiXqNBmPU=
171,/Users/matthewhayes/Documents/CS236 Deep Generative Models/Project/Google-Image-Scraper/photos2/photo of three fingers/photoofthreefingers7.jpeg,photo of three fingers,"Three Fingers Up Hand Gesture Icon Image Vector Illustration Design Royalty  Free SVG, Cliparts, Vectors, and Stock Illustration. Image 93451721.",https://previews.123rf.com/images/yupiramos/yupiramos1801/yupiramos180107732/93451721-three-fingers-up-hand-gesture-icon-image-vector-illustration-design.jpg
172,/Users/matthewhayes/Documents/CS236 Deep Generative Models/Project/Google-Image-Scraper/photos2/photo of woman showing three fingers/photoofwomanshowingthreefingers5.jpeg,photo of woman showing three fingers,"Happy Woman Showing 3 Fingers Gesture Stock Photo, Picture and Royalty Free  Image. Image 43490302.",https://previews.123rf.com/images/9nong/9nong1508/9nong150800083/43490302-happy-woman-showing-3-fingers-gesture.jpg
173,/Users/matthewhayes/Documents/CS236 Deep Generative Models/Project/Google-Image-Scraper/photos2/photo of three fingers/photoofthreefingers8.jpeg,photo of three fingers,Hand showing three fingers gesture Royalty Free Vector Image,https://cdn5.vectorstock.com/i/1000x1000/76/59/hand-showing-three-fingers-gesture-vector-19527659.jpg
174,/Users/matthewhayes/Documents/CS236 Deep Generative Models/Project/Google-Image-Scraper/photos2/photo of woman showing three fingers/photoofwomanshowingthreefingers6.jpeg,photo of woman showing three fingers,"Three Fingers Woman Images – Browse 22,249 Stock Photos, Vectors, and Video  | Adobe Stock",https://t4.ftcdn.net/jpg/02/81/45/47/360_F_281454751_cscb72ZePzyypmHrwkzYIifEB6d2UYbw.jpg
175,/Users/matthewhayes/Documents/CS236 Deep Generative Models/Project/Google-Image-Scraper/photos2/photo of three fingers/photoofthreefingers9.jpeg,photo of three fingers,"Finger Gesture Vector Hd PNG Images, Ink Three Finger Gesture, Ink, Three  Fingers, Gesture PNG Image For Free Download | Drawing people, How to draw  fingers, Drawings",https://i.pinimg.com/736x/c1/45/a7/c145a7dc8c746855693b127489d31932.jpg
176,/Users/matthewhayes/Documents/CS236 Deep Generative Models/Project/Google-Image-Scraper/photos2/photo of woman showing three fingers/photoofwomanshowingthreefingers7.jpeg,photo of woman showing three fingers,"Three Fingers Woman Images – Browse 22,249 Stock Photos, Vectors, and Video  | Adobe Stock",https://t3.ftcdn.net/jpg/05/13/23/42/360_F_513234295_3xpXsCSbFyU1XFUa0v2a6qaQ0qbYrTEx.jpg
177,/Users/matthewhayes/Documents/CS236 Deep Generative Models/Project/Google-Image-Scraper/photos2/photo of two fingers/photooftwofingers2.jpeg,photo of two fingers,"A Hand Sign Of 2 Fingers Point Upward Meaning Two, Second, Etc. With White  Background Stock Photo, Picture and Royalty Free Image. Image 61442786.",https://previews.123rf.com/images/pongcpre/pongcpre1607/pongcpre160700041/61442786-a-hand-sign-of-2-fingers-point-upward-meaning-two-second-etc-with-white-background.jpg
178,/Users/matthewhayes/Documents/CS236 Deep Generative Models/Project/Google-Image-Scraper/photos2/photo of woman showing three fingers/photoofwomanshowingthreefingers8.jpeg,photo of woman showing three fingers,"Three Fingers Woman Images – Browse 22,249 Stock Photos, Vectors, and Video  | Adobe Stock",https://t4.ftcdn.net/jpg/03/29/34/37/360_F_329343760_bEjEhpbqPhoKrd5P1Lmgqp5SILtTtEpL.jpg
179,/Users/matthewhayes/Documents/CS236 Deep Generative Models/Project/Google-Image-Scraper/photos2/photo of two fingers/photooftwofingers3.jpeg,photo of two fingers,Hand with two fingers up Royalty Free Vector Image,https://cdn5.vectorstock.com/i/1000x1000/60/24/hand-with-two-fingers-up-vector-20796024.jpg
180,/Users/matthewhayes/Documents/CS236 Deep Generative Models/Project/Google-Image-Scraper/photos2/photo of two fingers/photooftwofingers4.jpeg,photo of two fingers,"Victory Stock Photo - Download Image Now - Peace Sign - Gesture, Two Fingers,  Symbols Of Peace - iStock",https://media.istockphoto.com/id/493613185/photo/victory.jpg?s=612x612&w=0&k=20&c=Cclh5EerWygKdd34YdRerabRvfq6owD-N-FCoSMaiMg=
181,/Users/matthewhayes/Documents/CS236 Deep Generative Models/Project/Google-Image-Scraper/photos2/photo of woman showing three fingers/photoofwomanshowingthreefingers9.jpeg,photo of woman showing three fingers,"10,401 Woman Showing 3 Fingers Images, Stock Photos, 3D objects, & Vectors  | Shutterstock",https://www.shutterstock.com/image-photo/photo-wavy-curly-charming-fascinating-260nw-1522343618.jpg
182,/Users/matthewhayes/Documents/CS236 Deep Generative Models/Project/Google-Image-Scraper/photos2/photo of two fingers/photooftwofingers5.jpeg,photo of two fingers,"Hand with Two Fingers Up in the Peace or Victory Symbol Stock Photo - Image  of pair, peace: 30341614",https://thumbs.dreamstime.com/b/hand-two-fingers-up-peace-victory-symbol-hand-two-fingers-up-peace-victory-symbol-also-sign-191119765.jpg
183,/Users/matthewhayes/Documents/CS236 Deep Generative Models/Project/Google-Image-Scraper/photos2/photo of two fingers/photooftwofingers6.jpeg,photo of two fingers,Hand Two Fingers Peace Victory Symbol Stock Photo 123964534 | Shutterstock,https://www.shutterstock.com/shutterstock/photos/123964534/display_1500/stock-photo-hand-with-two-fingers-up-in-the-peace-or-victory-symbol-also-the-sign-for-the-letter-v-in-sign-123964534.jpg
184,/Users/matthewhayes/Documents/CS236 Deep Generative Models/Project/Google-Image-Scraper/photos2/photo of two fingers/photooftwofingers7.jpeg,photo of two fingers,"590+ Two Fingers Illustrations, Royalty-Free Vector Graphics & Clip Art -  iStock | Two fingers up, Holding up two fingers, Hand two fingers",https://media.istockphoto.com/id/469390342/vector/peace-sign.jpg?s=612x612&w=0&k=20&c=EFkcpL6iTsfVqlCl6k3EqxZP3McZW27W3rhBLFyqWpI=
185,/Users/matthewhayes/Documents/CS236 Deep Generative Models/Project/Google-Image-Scraper/photos2/photo of two fingers/photooftwofingers8.jpeg,photo of two fingers,"Vintage Pop Art Two Fingers Up Gesture. Stock Vector - Illustration of  knuckle, aggression: 37021341",https://thumbs.dreamstime.com/z/vintage-pop-art-two-fingers-up-gesture-great-illustration-comic-book-style-gesturing-negative-dissatisfaction-37021341.jpg
186,/Users/matthewhayes/Documents/CS236 Deep Generative Models/Project/Google-Image-Scraper/photos2/photo of two fingers/photooftwofingers9.png,photo of two fingers,Two fingers - Free hands and gestures icons,https://cdn-icons-png.flaticon.com/512/3179/3179291.png
187,/Users/matthewhayes/Documents/CS236 Deep Generative Models/Project/Google-Image-Scraper/photos2/photo of thumbs up/photoofthumbsup0.jpeg,photo of thumbs up,"Thumbs Up Emoji Images – Browse 12,475 Stock Photos, Vectors, and Video |  Adobe Stock",https://t4.ftcdn.net/jpg/04/89/39/47/360_F_489394725_Oox6jg48u2K0FSk4RlPCzqkU7Qvu2BSu.jpg
188,/Users/matthewhayes/Documents/CS236 Deep Generative Models/Project/Google-Image-Scraper/photos2/photo of thumbs up/photoofthumbsup1.jpeg,photo of thumbs up,"228,500+ Thumbs Up Stock Photos, Pictures & Royalty-Free Images - iStock | Thumbs  up icon, Thumbs up emoji, Thumbs up isolated",https://media.istockphoto.com/id/1175303918/vector/like-icon-vector-design.jpg?s=612x612&w=0&k=20&c=3dFZEggnAyodAcj9sSnnUvSZ69LQbE9kZof7vgGvAgs=
189,/Users/matthewhayes/Documents/CS236 Deep Generative Models/Project/Google-Image-Scraper/photos2/photo of thumbs down/photoofthumbsdown0.jpeg,photo of thumbs down,"Thumbs Down Emoji Images – Browse 8,964 Stock Photos, Vectors, and Video |  Adobe Stock",https://t4.ftcdn.net/jpg/05/08/38/47/360_F_508384795_AaOb8TQgvq6BqOCbMXtAgEKZJofEXPOn.jpg
190,/Users/matthewhayes/Documents/CS236 Deep Generative Models/Project/Google-Image-Scraper/photos2/photo of thumbs down/photoofthumbsdown1.jpeg,photo of thumbs down,"830+ Thumbs Down Clipart Illustrations, Royalty-Free Vector Graphics & Clip  Art - iStock",https://media.istockphoto.com/id/1456527662/vector/thumbs-down-icon-with-reflection-on-white-background.jpg?s=612x612&w=0&k=20&c=Vg4OYR3zV5xkTG0fnPCt0H7smGKzBIq8fdgh4yLWI4Y=
191,/Users/matthewhayes/Documents/CS236 Deep Generative Models/Project/Google-Image-Scraper/photos2/photo of thumbs up/photoofthumbsup2.png,photo of thumbs up,"thumbs up"" Emoji - Download for free – Iconduck",https://static-00.iconduck.com/assets.00/thumbs-up-emoji-1905x2048-yh44rgtn.png
192,/Users/matthewhayes/Documents/CS236 Deep Generative Models/Project/Google-Image-Scraper/photos2/photo of thumbs down/photoofthumbsdown2.jpeg,photo of thumbs down,"Thumbs Down Emoji Images – Browse 8,964 Stock Photos, Vectors, and Video |  Adobe Stock",https://t3.ftcdn.net/jpg/05/60/35/16/360_F_560351622_lYIIsAMTp45cLUwrwyOJSaWaDw28BG1S.jpg
193,/Users/matthewhayes/Documents/CS236 Deep Generative Models/Project/Google-Image-Scraper/photos2/photo of thumbs up/photoofthumbsup3.jpeg,photo of thumbs up,"Thumbs Up Emoji Images – Browse 12,475 Stock Photos, Vectors, and Video |  Adobe Stock",https://t4.ftcdn.net/jpg/05/56/96/27/360_F_556962752_l2mTz4aZlYaVddsSJtK3eytRwEnBbnv3.jpg
194,/Users/matthewhayes/Documents/CS236 Deep Generative Models/Project/Google-Image-Scraper/photos2/photo of thumbs up/photoofthumbsup4.jpeg,photo of thumbs up,"73,510 Thumbs Up Stock Photos, High-Res Pictures, and Images - Getty Images",https://media.gettyimages.com/id/182509947/photo/thumbs-up.jpg?s=612x612&w=gi&k=20&c=tfg2RbBfwUM01qh2Nza9hC54i9jB3_GZ4M-wX1oRNmM=
195,/Users/matthewhayes/Documents/CS236 Deep Generative Models/Project/Google-Image-Scraper/photos2/photo of thumbs up/photoofthumbsup5.jpeg,photo of thumbs up,Thumb signal - Wikipedia,https://upload.wikimedia.org/wikipedia/commons/thumb/7/74/Beijing_bouddhist_monk_2009_IMG_1486.JPG/1200px-Beijing_bouddhist_monk_2009_IMG_1486.JPG
196,/Users/matthewhayes/Documents/CS236 Deep Generative Models/Project/Google-Image-Scraper/photos2/photo of thumbs up/photoofthumbsup6.jpeg,photo of thumbs up,Thumb Up Pictures | Download Free Images on Unsplash,https://plus.unsplash.com/premium_photo-1671028545792-f3a4c084f807?q=80&w=1000&auto=format&fit=crop&ixlib=rb-4.0.3&ixid=M3wxMjA3fDB8MHxzZWFyY2h8MXx8dGh1bWIlMjB1cHxlbnwwfHwwfHx8MA%3D%3D
197,/Users/matthewhayes/Documents/CS236 Deep Generative Models/Project/Google-Image-Scraper/photos2/photo of thumbs down/photoofthumbsdown3.png,photo of thumbs down,Thumbs Down Emoji (U+1F44E),https://s3.amazonaws.com/pix.iemoji.com/images/emoji/apple/ios-12/256/thumbs-down.png
198,/Users/matthewhayes/Documents/CS236 Deep Generative Models/Project/Google-Image-Scraper/photos2/photo of thumbs down/photoofthumbsdown4.png,photo of thumbs down,Thumb down - Free social icons,https://cdn-icons-png.flaticon.com/512/1633/1633636.png
199,/Users/matthewhayes/Documents/CS236 Deep Generative Models/Project/Google-Image-Scraper/photos2/photo of thumbs down/photoofthumbsdown5.png,photo of thumbs down,Thumbs down gestures emoji Clipart PNG - Similar PNG,https://image.similarpng.com/very-thumbnail/2020/08/Thumbs-down-gestures-emoji-Clipart-PNG.png
200,/Users/matthewhayes/Documents/CS236 Deep Generative Models/Project/Google-Image-Scraper/photos2/photo of thumbs up/photoofthumbsup7.png,photo of thumbs up,"Download Thumbs Up, Emoji, Smiley. Royalty-Free Vector Graphic - Pixabay",https://cdn.pixabay.com/photo/2022/12/11/04/11/thumbs-up-7648171_1280.png
201,/Users/matthewhayes/Documents/CS236 Deep Generative Models/Project/Google-Image-Scraper/photos2/photo of thumbs down/photoofthumbsdown6.webp,photo of thumbs down,"Thumbs down Stock Photos, Royalty Free Thumbs down Images | Depositphotos",https://static3.depositphotos.com/1000201/103/i/450/depositphotos_1031409-stock-photo-thumbs-down.jpg
202,/Users/matthewhayes/Documents/CS236 Deep Generative Models/Project/Google-Image-Scraper/photos2/photo of thumbs down/photoofthumbsdown7.jpeg,photo of thumbs down,"340+ Thumbs Down Emoji Illustrations, Royalty-Free Vector Graphics & Clip  Art - iStock | Thumbs down emoji vector",https://media.istockphoto.com/id/1316208739/vector/red-thumb-down-icon-isolated-on-white-background-dislike-button-social-media-icon-vector.jpg?s=612x612&w=0&k=20&c=4SA8ATamhjLQIF1l3MUhz4-LSyPCJ77mf19PtiGLVK8=
203,/Users/matthewhayes/Documents/CS236 Deep Generative Models/Project/Google-Image-Scraper/photos2/photo of thumbs up/photoofthumbsup8.jpeg,photo of thumbs up,"Thumbs Up Photos, Download The BEST Free Thumbs Up Stock Photos & HD Images",https://images.pexels.com/photos/9486675/pexels-photo-9486675.jpeg?cs=srgb&dl=pexels-rocketmann-team-9486675.jpg&fm=jpg
204,/Users/matthewhayes/Documents/CS236 Deep Generative Models/Project/Google-Image-Scraper/photos2/photo of thumbs down/photoofthumbsdown8.png,photo of thumbs down,File:Thumbs down red.svg - Wikipedia,https://upload.wikimedia.org/wikipedia/commons/thumb/6/6d/Thumbs_down_red.svg/1200px-Thumbs_down_red.svg.png
205,/Users/matthewhayes/Documents/CS236 Deep Generative Models/Project/Google-Image-Scraper/photos2/photo of thumbs up/photoofthumbsup9.jpeg,photo of thumbs up,Thumbs up hand Royalty Free Vector Image - VectorStock,https://cdn3.vectorstock.com/i/1000x1000/62/82/thumbs-up-hand-vector-6366282.jpg
206,/Users/matthewhayes/Documents/CS236 Deep Generative Models/Project/Google-Image-Scraper/photos2/photo of thumbs down/photoofthumbsdown9.jpeg,photo of thumbs down,"Thumbs Down Photos, Download The BEST Free Thumbs Down Stock Photos & HD  Images",https://images.pexels.com/photos/9486688/pexels-photo-9486688.jpeg?cs=srgb&dl=pexels-rocketmann-team-9486688.jpg&fm=jpg
207,/Users/matthewhayes/Documents/CS236 Deep Generative Models/Project/Google-Image-Scraper/photos2/photo of hand/photoofhand0.jpeg,photo of hand,"Hand Gestures On White Background Stock Photo - Download Image Now - Back  Of Hand, Men, Cut Out - iStock",https://media.istockphoto.com/id/462795637/photo/hand-gestures-on-white-background.jpg?s=612x612&w=0&k=20&c=ulDdpg9LFazevuUDWjWgXgTe9v1K-4x76LW2We08YaY=
208,/Users/matthewhayes/Documents/CS236 Deep Generative Models/Project/Google-Image-Scraper/photos2/photo of hand/photoofhand1.jpeg,photo of hand,Hand Drawing - How To Draw A Hand Step By Step,https://iheartcraftythings.com/wp-content/uploads/2021/04/Hand-DRAWING-%E2%80%93-STEP-10.jpg
209,/Users/matthewhayes/Documents/CS236 Deep Generative Models/Project/Google-Image-Scraper/photos2/photo of hand/photoofhand2.jpeg,photo of hand,Closeup Backview Of Fingers And Thumb On White Counting Five Stock Photo -  Download Image Now - iStock,https://media.istockphoto.com/id/878155798/photo/close-up-backview-of-fingers-and-thumb-on-white-counting-five.jpg?s=612x612&w=0&k=20&c=4IicLjX8-lvoi1W_DIwb1qQDTc9H2rWETqFzqOE9Trw=
210,/Users/matthewhayes/Documents/CS236 Deep Generative Models/Project/Google-Image-Scraper/photos2/photo of hand/photoofhand3.jpeg,photo of hand,Hand Images - Free Download on Freepik,https://img.freepik.com/free-vector/hand_1308-83887.jpg
211,/Users/matthewhayes/Documents/CS236 Deep Generative Models/Project/Google-Image-Scraper/photos2/photo of hand/photoofhand4.jpeg,photo of hand,"9,225,206 Hand Stock Photos - Free & Royalty-Free Stock Photos from  Dreamstime",https://thumbs.dreamstime.com/b/woman-hand-23256808.jpg
212,/Users/matthewhayes/Documents/CS236 Deep Generative Models/Project/Google-Image-Scraper/photos2/photo of hand/photoofhand5.jpeg,photo of hand,Hand model - Wikipedia,https://upload.wikimedia.org/wikipedia/commons/c/c7/Hand_Model.jpg
213,/Users/matthewhayes/Documents/CS236 Deep Generative Models/Project/Google-Image-Scraper/photos2/photo of hand/photoofhand6.jpeg,photo of hand,20+ Hands Pictures | Download Free Images on Unsplash,https://plus.unsplash.com/premium_photo-1666107278223-44299e033030?q=80&w=1000&auto=format&fit=crop&ixlib=rb-4.0.3&ixid=M3wxMjA3fDB8MHxzZWFyY2h8NXx8aGFuZHN8ZW58MHx8MHx8fDA%3D
214,/Users/matthewhayes/Documents/CS236 Deep Generative Models/Project/Google-Image-Scraper/photos2/photo of hand/photoofhand7.jpeg,photo of hand,"Palm of man's hand. | Hand reference, Hand drawing reference, Body  reference drawing",https://i.pinimg.com/originals/16/3b/a5/163ba5058014b2b8aada92fc10947301.jpg
215,/Users/matthewhayes/Documents/CS236 Deep Generative Models/Project/Google-Image-Scraper/photos2/photo of hand/photoofhand8.webp,photo of hand,"Hand Stock Photos, Royalty Free Hand Images | Depositphotos",https://st2.depositphotos.com/1743476/7762/i/450/depositphotos_77620065-stock-photo-female-hand-holding-something.jpg
216,/Users/matthewhayes/Documents/CS236 Deep Generative Models/Project/Google-Image-Scraper/photos2/photo of hand/photoofhand9.jpeg,photo of hand,"2,246,480 Hand Stock Photos, High-Res Pictures, and Images - Getty Images",https://media.gettyimages.com/id/1428022161/photo/female-hand-holding-a-virtual-card-with-your-fingers-on-a-white-background.jpg?s=612x612&w=gi&k=20&c=gudPjdY6ZnDEKA3YBon2npwSKBLPiPbTOed7tSpYRk0=
217,/Users/matthewhayes/Documents/CS236 Deep Generative Models/Project/Google-Image-Scraper/photos2/hand/hand0.jpeg,hand,What Does a Hand Specialist Do? - Cary Orthopaedics,https://www.caryortho.com/wp-content/uploads/2020/04/What-Does-a-Hand-Specialist-Do.jpg
218,/Users/matthewhayes/Documents/CS236 Deep Generative Models/Project/Google-Image-Scraper/photos2/hand/hand1.jpeg,hand,"Hand - Simple English Wikipedia, the free encyclopedia",https://upload.wikimedia.org/wikipedia/commons/thumb/3/32/Human-Hands-Front-Back.jpg/640px-Human-Hands-Front-Back.jpg
219,/Users/matthewhayes/Documents/CS236 Deep Generative Models/Project/Google-Image-Scraper/photos2/hand/hand2.jpeg,hand,Hand - Wikipedia,https://upload.wikimedia.org/wikipedia/commons/thumb/9/9d/Palm%2C_fingers.jpg/150px-Palm%2C_fingers.jpg
220,/Users/matthewhayes/Documents/CS236 Deep Generative Models/Project/Google-Image-Scraper/photos2/hand/hand3.jpeg,hand,"hand - Wiktionary, the free dictionary",https://upload.wikimedia.org/wikipedia/commons/thumb/0/00/Paume_de_main.jpeg/800px-Paume_de_main.jpeg
221,/Users/matthewhayes/Documents/CS236 Deep Generative Models/Project/Google-Image-Scraper/photos2/hand/hand6.jpeg,hand,How To Draw Hands - Step by Step Guide | 21 Draw,https://www.21-draw.com/wp-content/uploads/2022/07/how-to-draw-hands.jpg
222,/Users/matthewhayes/Documents/CS236 Deep Generative Models/Project/Google-Image-Scraper/photos2/hand/hand7.jpeg,hand,Anatomy: Hand and Wrist - BID Needham,https://www.bidneedham.org/writable/images/Departments/Orthopeadic_Surgery/handanatomy.jpg
223,/Users/matthewhayes/Documents/CS236 Deep Generative Models/Project/Google-Image-Scraper/photos2/hand/hand8.jpeg,hand,Hand model - Wikipedia,https://upload.wikimedia.org/wikipedia/commons/c/c7/Hand_Model.jpg
